{
  "_fv": 66,
  "_type": "biome",
  "definition": {
    "name": "Astolfo Biome",
    "groundBlock": {
      "value": "Blocks.GRASS"
    },
    "undergroundBlock": {
      "value": "Blocks.DIRT#0"
    },
    "underwaterBlock": {
      "value": ""
    },
    "airColor": {
      "value": -26113,
      "falpha": 0.0
    },
    "grassColor": {
      "value": -26113,
      "falpha": 0.0
    },
    "foliageColor": {
      "value": -26113,
      "falpha": 0.0
    },
    "waterColor": {
      "value": -26113,
      "falpha": 0.0
    },
    "waterFogColor": {
      "value": -26113,
      "falpha": 0.0
    },
    "ambientSound": {
      "value": ""
    },
    "additionsSound": {
      "value": ""
    },
    "music": {
      "value": ""
    },
    "moodSound": {
      "value": ""
    },
    "moodSoundDelay": 6000,
    "spawnParticles": true,
    "particleToSpawn": {
      "value": "HEART"
    },
    "particlesProbability": 0.1,
    "rainingPossibility": 0.5,
    "temperature": 0.5,
    "spawnBiome": true,
    "spawnInCaves": false,
    "spawnBiomeNether": true,
    "genTemperature": {
      "min": -0.9,
      "max": 0.9
    },
    "genHumidity": {
      "min": -0.9,
      "max": 0.9
    },
    "genContinentalness": {
      "min": 0.1,
      "max": 1.0
    },
    "genErosion": {
      "min": -0.5,
      "max": 0.9
    },
    "genWeirdness": {
      "min": -0.9,
      "max": 0.9
    },
    "treesPerChunk": 2,
    "vanillaTreeType": "Default",
    "treeType": 0,
    "minHeight": 7,
    "treeStem": {
      "value": ""
    },
    "treeBranch": {
      "value": ""
    },
    "treeVines": {
      "value": ""
    },
    "treeFruits": {
      "value": ""
    },
    "defaultFeatures": [
      "Caves",
      "Ores",
      "ReedsAndPumpkins",
      "ForestGrass",
      "ForestFlowers"
    ],
    "spawnStronghold": true,
    "spawnMineshaft": true,
    "spawnMineshaftMesa": false,
    "spawnPillagerOutpost": false,
    "villageType": "plains",
    "spawnWoodlandMansion": false,
    "spawnJungleTemple": false,
    "spawnDesertPyramid": false,
    "spawnSwampHut": false,
    "spawnIgloo": false,
    "spawnOceanMonument": false,
    "spawnShipwreck": false,
    "spawnShipwreckBeached": false,
    "spawnBuriedTreasure": false,
    "oceanRuinType": "NONE",
    "spawnNetherBridge": false,
    "spawnNetherFossil": false,
    "spawnBastionRemnant": false,
    "spawnEndCity": false,
    "spawnRuinedPortal": "NONE",
    "spawnEntries": [
      {
        "entity": {
          "value": "CUSTOM:AstolfoArmor"
        },
        "minGroup": 99,
        "maxGroup": 99,
        "weight": 20,
        "spawnType": "creature"
      },
      {
        "entity": {
          "value": "CUSTOM:AstolfoCasual"
        },
        "minGroup": 99,
        "maxGroup": 99,
        "weight": 20,
        "spawnType": "creature"
      },
      {
        "entity": {
          "value": "CUSTOM:AstolfoSchoolgirl"
        },
        "minGroup": 99,
        "maxGroup": 99,
        "weight": 20,
        "spawnType": "creature"
      }
    ]
  }
}