{
  "_fv": 66,
  "_type": "command",
  "definition": {
    "commandName": "duplicatecuties",
    "type": "STANDARD",
    "permissionLevel": "2",
    "argsxml": "<xml xmlns=\"https://developers.google.com/blockly/xml\"><block type=\"args_start\" deletable=\"false\" x=\"40\" y=\"40\"><next><block type=\"number_min\"><field name=\"name\">amount</field><field name=\"min\">0</field><statement name=\"args\"><block type=\"number_min\"><field name=\"name\">radius</field><field name=\"min\">0</field><statement name=\"args\"><block type=\"call_procedure\"><field name=\"procedure\">DuplicateCutiesProc</field></block></statement></block></statement></block></next></block></xml>"
  }
}