{
  "_fv": 47,
  "_type": "command",
  "definition": {
    "commandName": "despawn",
    "permissionLevel": "No requirement",
    "argsxml": "<xml xmlns=\"https://developers.google.com/blockly/xml\"><block type=\"args_start\" deletable=\"false\" x=\"40\" y=\"40\"><next><block type=\"entity\"><field name=\"name\">selector</field><field name=\"type\">entities</field><statement name=\"args\"><block type=\"call_procedure\"><field name=\"procedure\">DespawnProc</field></block></statement></block></next></block></xml>"
  }
}