{
  "_fv": 47,
  "_type": "command",
  "definition": {
    "commandName": "duplicateastolfos",
    "permissionLevel": "No requirement",
    "argsxml": "<xml xmlns=\"https://developers.google.com/blockly/xml\"><block type=\"args_start\" deletable=\"false\" x=\"40\" y=\"40\"><next><block type=\"number_default\"><field name=\"name\">range</field><statement name=\"args\"><block type=\"number_default\"><field name=\"name\">amount</field><statement name=\"args\"><block type=\"call_procedure\"><field name=\"procedure\">DuplicateAstolfosProc</field></block></statement></block></statement></block></next></block></xml>"
  }
}