{
  "_fv": 47,
  "_type": "item",
  "definition": {
    "renderType": 0,
    "texture": "monster-ultra-zero-white-05l_l-removebg-preview",
    "customModelName": "Normal",
    "customProperties": {},
    "states": [],
    "name": "Monster Energy White",
    "rarity": "COMMON",
    "creativeTab": {
      "value": "CUSTOM:AstolfoTab"
    },
    "stackSize": 64,
    "enchantability": 0,
    "useDuration": 32,
    "toolType": 1.0,
    "damageCount": 0,
    "recipeRemainder": {
      "value": ""
    },
    "destroyAnyBlock": false,
    "immuneToFire": false,
    "stayInGridWhenCrafting": false,
    "damageOnCrafting": false,
    "enableMeleeDamage": false,
    "damageVsEntity": 0.0,
    "specialInfo": [],
    "hasGlow": false,
    "guiBoundTo": "<NONE>",
    "inventorySize": 9,
    "inventoryStackSize": 64,
    "onFinishUsingItem": {
      "name": "MonsterWhitePlayerFinishesUsingItem"
    },
    "isFood": true,
    "nutritionalValue": 0,
    "saturation": 0.0,
    "eatResultItem": {
      "value": ""
    },
    "isMeat": false,
    "isAlwaysEdible": false,
    "animation": "eat"
  }
}